{
  "origin" : {
    "x" : -1289235,
    "y" : -2511885,
    "spatialReference" : {
      "wkid" : 3577,
      "latestWkid" : 3577
    }
  },
  "extent" : {
    "xmin" : -1289235,
    "ymin" : -2520105,
    "xmax" : -1283235,
    "ymax" : -2511885,
    "spatialReference" : {
      "wkid" : 3577,
      "latestWkid" : 3577
    }
  },
  "geodataXform" : {
    "spatialReference" : {
      "wkid" : 3577,
      "latestWkid" : 3577
    },
    "type" : "IdentityXform"
  },
  "LODInfos" : {
    "resolutions" : [
      30
    ],
    "levels" : [
      0
    ],
    "scales" : [
      113385.59999999999
    ],
    "dpi" : 96,
    "type" : "RasterLODInfos"
  },
  "blockWidth" : 256,
  "blockHeight" : 256,
  "bandCount" : 1,
  "pixelType" : 9,
  "pixelSizeX" : 30,
  "pixelSizeY" : 30,
  "format" : "Cache/LERC2D",
  "compressionType" : "LERC",
  "firstPyramidLevel" : 1,
  "maximumPyramidLevel" : 0,
  "packetSize" : 16,
  "compressionQuality" : 0,
  "pyramidResamplingType" : 0,
  "LERCError" : 0,
  "properties" : {
    "KIND" : "IMAGE",
    "BAND_COUNT" : "1",
    "HAS_TABLE" : "0",
    "HAS_XFORM" : "0",
    "BandProperties" : [
      {
        "NoData" : "-3.402823e+38",
        "BandName" : "Band_1",
        "type" : "PropertySet"
      }
    ],
    "DataType" : "Scientific",
    "type" : "PropertySet"
  },
  "statistics" : [
    {
      "min" : 0.013043575920164585,
      "max" : 0.47676646709442139,
      "mean" : 0.13048149552603985,
      "standardDeviation" : 0.046480914988787495,
      "median" : 0.47676646709442139,
      "mode" : 0.12761040785733391,
      "skipX" : 1,
      "skipY" : 1,
      "count" : 109600
    }
  ],
  "histograms" : [
    {
      "size" : 256,
      "min" : 0.013043575920164585,
      "max" : 0.47676646709442139,
      "counts" : [
        1,
        1,
        0,
        12,
        0,
        0,
        26,
        117,
        0,
        61,
        68,
        59,
        64,
        77,
        60,
        125,
        0,
        76,
        149,
        0,
        82,
        79,
        69,
        89,
        75,
        87,
        79,
        95,
        124,
        119,
        202,
        446,
        0,
        292,
        346,
        412,
        460,
        1167,
        0,
        669,
        738,
        813,
        829,
        816,
        901,
        947,
        943,
        965,
        1026,
        1008,
        1117,
        1141,
        1183,
        1275,
        1184,
        1212,
        1268,
        1361,
        1306,
        1317,
        1322,
        1310,
        1219,
        2297,
        0,
        1086,
        1076,
        1031,
        978,
        855,
        836,
        760,
        767,
        668,
        602,
        1217,
        0,
        550,
        477,
        485,
        445,
        443,
        384,
        351,
        347,
        330,
        291,
        261,
        266,
        243,
        214,
        225,
        217,
        206,
        190,
        194,
        180,
        168,
        195,
        139,
        145,
        157,
        141,
        149,
        293,
        0,
        145,
        123,
        108,
        110,
        124,
        101,
        90,
        114,
        107,
        88,
        95,
        79,
        100,
        97,
        88,
        70,
        104,
        95,
        85,
        100,
        61,
        69,
        60,
        67,
        74,
        65,
        99,
        0,
        55,
        54,
        51,
        44,
        44,
        62,
        50,
        40,
        63,
        47,
        39,
        48,
        44,
        35,
        45,
        33,
        40,
        74,
        0,
        30,
        30,
        30,
        29,
        18,
        20,
        31,
        23,
        23,
        19,
        22,
        10,
        19,
        20,
        22,
        9,
        15,
        10,
        8,
        11,
        7,
        12,
        11,
        11,
        6,
        10,
        8,
        21,
        0,
        6,
        5,
        4,
        4,
        4,
        5,
        2,
        7,
        2,
        5,
        4,
        1,
        2,
        1,
        1,
        2,
        1,
        2,
        1,
        2,
        1,
        1,
        2,
        0,
        1,
        1,
        0,
        2,
        0,
        1,
        1,
        0,
        1,
        0,
        1,
        1,
        0,
        2,
        0,
        0,
        0,
        2,
        0,
        0,
        0,
        0,
        0,
        1,
        0,
        0,
        0,
        1,
        0,
        0,
        0,
        0,
        0,
        0,
        0,
        0,
        0,
        0,
        0,
        0,
        0,
        0,
        0,
        0,
        0,
        0,
        0,
        0,
        0,
        1
      ]
    }
  ],
  "mdInfo" : {
    "variables" : [
      {
        "name" : "mavi",
        "unit" : "1",
        "attributes" : {
          "crs" : "EPSG:3577",
          "coordinates" : "spatial_ref",
          "_FillValue" : "NaN"
        },
        "dimensions" : [
          {
            "name" : "StdTime",
            "field" : "StdTime",
            "unit" : "ISO8601",
            "extent" : [
              1364522558000,
              1625709778000
            ],
            "hasRanges" : true,
            "values" : [
              [
                1364522558000,
                1625709778000
              ]
            ]
          }
        ]
      }
    ],
    "layout" : 1,
    "type" : "MultidimensionalInfo"
  },
  "type" : "RasterInfo"
}