{
  "origin" : {
    "x" : -1288245,
    "y" : -2513865,
    "spatialReference" : {
      "wkid" : 3577,
      "latestWkid" : 3577
    }
  },
  "extent" : {
    "xmin" : -1288245,
    "ymin" : -2517495,
    "xmax" : -1285125,
    "ymax" : -2513865,
    "spatialReference" : {
      "wkid" : 3577,
      "latestWkid" : 3577
    }
  },
  "geodataXform" : {
    "spatialReference" : {
      "wkid" : 3577,
      "latestWkid" : 3577
    },
    "type" : "IdentityXform"
  },
  "LODInfos" : {
    "resolutions" : [
      30
    ],
    "levels" : [
      0
    ],
    "scales" : [
      113385.59999999999
    ],
    "dpi" : 96,
    "type" : "RasterLODInfos"
  },
  "blockWidth" : 256,
  "blockHeight" : 256,
  "bandCount" : 1,
  "pixelType" : 10,
  "pixelSizeX" : 30,
  "pixelSizeY" : 30,
  "format" : "Cache/LERC2D",
  "compressionType" : "LERC",
  "firstPyramidLevel" : 1,
  "maximumPyramidLevel" : 0,
  "packetSize" : 12,
  "compressionQuality" : 0,
  "pyramidResamplingType" : 0,
  "LERCError" : 0,
  "properties" : {
    "KIND" : "IMAGE",
    "BAND_COUNT" : "1",
    "HAS_TABLE" : "0",
    "HAS_XFORM" : "0",
    "BandProperties" : [
      {
        "NoData" : "1.79e+308",
        "BandName" : "Band_1",
        "type" : "PropertySet"
      }
    ],
    "DataType" : "Scientific",
    "type" : "PropertySet"
  },
  "statistics" : [
    {
      "min" : 0,
      "max" : 1,
      "mean" : 0.1688861218806951,
      "standardDeviation" : 0.17736573025770769,
      "median" : 1,
      "mode" : 0.070588235294117646,
      "skipX" : 1,
      "skipY" : 1,
      "count" : 75504
    }
  ],
  "histograms" : [
    {
      "size" : 256,
      "min" : 0,
      "max" : 1,
      "counts" : [
        334,
        162,
        150,
        181,
        189,
        235,
        305,
        320,
        400,
        564,
        636,
        768,
        826,
        881,
        967,
        1051,
        1065,
        1108,
        1144,
        1097,
        1050,
        1049,
        1019,
        941,
        896,
        880,
        824,
        830,
        768,
        758,
        680,
        643,
        626,
        587,
        555,
        494,
        459,
        471,
        388,
        353,
        385,
        360,
        326,
        299,
        308,
        284,
        236,
        235,
        257,
        225,
        233,
        195,
        172,
        163,
        114,
        141,
        128,
        121,
        122,
        114,
        86,
        92,
        86,
        74,
        78,
        63,
        71,
        74,
        81,
        65,
        62,
        67,
        83,
        55,
        68,
        68,
        68,
        61,
        59,
        62,
        56,
        63,
        65,
        55,
        63,
        50,
        59,
        51,
        47,
        63,
        63,
        65,
        70,
        79,
        68,
        73,
        72,
        75,
        52,
        72,
        70,
        70,
        76,
        70,
        76,
        55,
        77,
        50,
        76,
        69,
        66,
        62,
        44,
        43,
        50,
        57,
        47,
        49,
        46,
        46,
        40,
        45,
        49,
        55,
        38,
        37,
        28,
        32,
        21,
        33,
        34,
        26,
        27,
        20,
        30,
        26,
        33,
        20,
        13,
        23,
        24,
        23,
        18,
        28,
        18,
        17,
        25,
        29,
        30,
        25,
        21,
        26,
        24,
        23,
        22,
        22,
        23,
        12,
        21,
        22,
        19,
        25,
        27,
        22,
        22,
        21,
        19,
        21,
        24,
        20,
        22,
        25,
        35,
        32,
        32,
        25,
        18,
        27,
        23,
        25,
        19,
        20,
        24,
        40,
        24,
        20,
        23,
        35,
        21,
        25,
        24,
        21,
        15,
        12,
        23,
        18,
        14,
        16,
        24,
        27,
        25,
        29,
        19,
        20,
        27,
        13,
        20,
        13,
        19,
        19,
        11,
        19,
        13,
        19,
        11,
        16,
        24,
        19,
        13,
        16,
        13,
        17,
        13,
        9,
        11,
        17,
        7,
        19,
        14,
        14,
        20,
        14,
        12,
        10,
        10,
        12,
        12,
        13,
        8,
        6,
        6,
        11,
        10,
        7,
        13,
        14,
        6,
        16,
        12,
        12,
        11,
        9,
        15,
        11,
        12,
        4
      ]
    }
  ],
  "mdInfo" : {
    "variables" : [
      {
        "name" : "like",
        "unit" : "1",
        "attributes" : {
          "crs" : "EPSG:3577",
          "coordinates" : "spatial_ref",
          "_FillValue" : "NaN"
        },
        "dimensions" : [
          {
            "name" : "StdTime",
            "field" : "StdTime",
            "unit" : "ISO8601",
            "interval" : 1,
            "hasRegularIntervals" : true,
            "intervalUnit" : "Years",
            "extent" : [
              1514764800000,
              1577836800000
            ],
            "hasRanges" : false,
            "values" : [
              1514764800000,
              1546300800000,
              1577836800000
            ]
          }
        ]
      }
    ],
    "layout" : 1,
    "type" : "MultidimensionalInfo"
  },
  "type" : "RasterInfo"
}