{
  "origin" : {
    "x" : -1288245,
    "y" : -2513865,
    "spatialReference" : {
      "wkid" : 3577,
      "latestWkid" : 3577
    }
  },
  "extent" : {
    "xmin" : -1288245,
    "ymin" : -2517495,
    "xmax" : -1285125,
    "ymax" : -2513865,
    "spatialReference" : {
      "wkid" : 3577,
      "latestWkid" : 3577
    }
  },
  "geodataXform" : {
    "spatialReference" : {
      "wkid" : 3577,
      "latestWkid" : 3577
    },
    "type" : "IdentityXform"
  },
  "LODInfos" : {
    "resolutions" : [
      30
    ],
    "levels" : [
      0
    ],
    "scales" : [
      113385.59999999999
    ],
    "dpi" : 96,
    "type" : "RasterLODInfos"
  },
  "blockWidth" : 256,
  "blockHeight" : 256,
  "bandCount" : 1,
  "pixelType" : 10,
  "pixelSizeX" : 30,
  "pixelSizeY" : 30,
  "format" : "Cache/LERC2D",
  "compressionType" : "LERC",
  "firstPyramidLevel" : 1,
  "maximumPyramidLevel" : 0,
  "packetSize" : 12,
  "compressionQuality" : 0,
  "pyramidResamplingType" : 0,
  "LERCError" : 0,
  "properties" : {
    "KIND" : "IMAGE",
    "BAND_COUNT" : "1",
    "HAS_TABLE" : "0",
    "HAS_XFORM" : "0",
    "BandProperties" : [
      {
        "NoData" : "1.79e+308",
        "BandName" : "Band_1",
        "type" : "PropertySet"
      }
    ],
    "DataType" : "Scientific",
    "type" : "PropertySet"
  },
  "statistics" : [
    {
      "min" : 0,
      "max" : 1,
      "mean" : 0.22404024064517308,
      "standardDeviation" : 0.23050261046165618,
      "median" : 1,
      "mode" : 0.058823529411764705,
      "skipX" : 1,
      "skipY" : 1,
      "count" : 201344
    }
  ],
  "histograms" : [
    {
      "size" : 256,
      "min" : 0,
      "max" : 1,
      "counts" : [
        1242,
        454,
        496,
        652,
        818,
        982,
        1146,
        1355,
        1617,
        1739,
        1861,
        1866,
        1876,
        1948,
        1906,
        1999,
        1828,
        1796,
        1772,
        1725,
        1722,
        1716,
        1697,
        1606,
        1572,
        1574,
        1540,
        1402,
        1376,
        1329,
        1262,
        1375,
        1056,
        1294,
        1008,
        1106,
        1153,
        1145,
        1091,
        1008,
        1089,
        1024,
        964,
        926,
        862,
        862,
        785,
        797,
        760,
        722,
        697,
        745,
        664,
        715,
        684,
        637,
        614,
        621,
        589,
        583,
        497,
        493,
        486,
        445,
        673,
        326,
        387,
        387,
        361,
        349,
        354,
        334,
        329,
        341,
        292,
        294,
        324,
        270,
        316,
        272,
        279,
        297,
        317,
        259,
        260,
        264,
        261,
        260,
        245,
        234,
        248,
        206,
        226,
        239,
        209,
        201,
        210,
        196,
        188,
        180,
        167,
        189,
        177,
        194,
        195,
        159,
        187,
        206,
        180,
        172,
        160,
        175,
        167,
        174,
        139,
        135,
        137,
        150,
        167,
        138,
        135,
        142,
        134,
        120,
        121,
        130,
        150,
        148,
        159,
        112,
        144,
        143,
        142,
        130,
        147,
        132,
        131,
        134,
        108,
        122,
        153,
        135,
        111,
        129,
        111,
        117,
        132,
        106,
        120,
        123,
        105,
        102,
        113,
        90,
        116,
        77,
        79,
        80,
        93,
        89,
        67,
        55,
        72,
        60,
        77,
        83,
        60,
        56,
        66,
        73,
        53,
        43,
        61,
        40,
        52,
        59,
        65,
        52,
        54,
        68,
        50,
        40,
        51,
        57,
        56,
        63,
        76,
        73,
        75,
        67,
        52,
        65,
        64,
        75,
        76,
        89,
        80,
        102,
        95,
        107,
        94,
        92,
        104,
        96,
        96,
        105,
        114,
        107,
        119,
        119,
        134,
        154,
        138,
        126,
        153,
        110,
        135,
        142,
        105,
        136,
        125,
        115,
        143,
        98,
        132,
        123,
        112,
        124,
        112,
        121,
        108,
        105,
        121,
        117,
        114,
        119,
        107,
        93,
        108,
        93,
        122,
        89,
        97,
        98,
        90,
        106,
        126,
        90,
        102,
        68,
        63,
        74,
        81,
        81,
        87,
        8
      ]
    }
  ],
  "mdInfo" : {
    "variables" : [
      {
        "name" : "like",
        "unit" : "1",
        "attributes" : {
          "crs" : "EPSG:3577",
          "coordinates" : "spatial_ref",
          "_FillValue" : "NaN"
        },
        "dimensions" : [
          {
            "name" : "StdTime",
            "field" : "StdTime",
            "unit" : "ISO8601",
            "interval" : 1,
            "hasRegularIntervals" : true,
            "intervalUnit" : "Years",
            "extent" : [
              1356998400000,
              1577836800000
            ],
            "hasRanges" : false,
            "values" : [
              1356998400000,
              1388534400000,
              1420070400000,
              1451606400000,
              1483228800000,
              1514764800000,
              1546300800000,
              1577836800000
            ]
          }
        ]
      }
    ],
    "layout" : 1,
    "type" : "MultidimensionalInfo"
  },
  "type" : "RasterInfo"
}