{
  "origin" : {
    "x" : -1288245,
    "y" : -2513865,
    "spatialReference" : {
      "wkid" : 3577,
      "latestWkid" : 3577
    }
  },
  "extent" : {
    "xmin" : -1288245,
    "ymin" : -2517495,
    "xmax" : -1285125,
    "ymax" : -2513865,
    "spatialReference" : {
      "wkid" : 3577,
      "latestWkid" : 3577
    }
  },
  "geodataXform" : {
    "spatialReference" : {
      "wkid" : 3577,
      "latestWkid" : 3577
    },
    "type" : "IdentityXform"
  },
  "LODInfos" : {
    "resolutions" : [
      30
    ],
    "levels" : [
      0
    ],
    "scales" : [
      113385.59999999999
    ],
    "dpi" : 96,
    "type" : "RasterLODInfos"
  },
  "blockWidth" : 256,
  "blockHeight" : 256,
  "bandCount" : 1,
  "pixelType" : 10,
  "pixelSizeX" : 30,
  "pixelSizeY" : 30,
  "format" : "Cache/LERC2D",
  "compressionType" : "LERC",
  "firstPyramidLevel" : 1,
  "maximumPyramidLevel" : 0,
  "packetSize" : 12,
  "compressionQuality" : 0,
  "pyramidResamplingType" : 0,
  "LERCError" : 0,
  "properties" : {
    "KIND" : "IMAGE",
    "BAND_COUNT" : "1",
    "HAS_TABLE" : "0",
    "HAS_XFORM" : "0",
    "BandProperties" : [
      {
        "NoData" : "1.79e+308",
        "BandName" : "Band_1",
        "type" : "PropertySet"
      }
    ],
    "DataType" : "Scientific",
    "type" : "PropertySet"
  },
  "statistics" : [
    {
      "min" : 0,
      "max" : 0.99844541094132921,
      "mean" : 0.21758067938103187,
      "standardDeviation" : 0.20665659627859584,
      "median" : 0.9984454109413291,
      "skipX" : 1,
      "skipY" : 1,
      "count" : 25168
    }
  ],
  "histograms" : [
    {
      "size" : 256,
      "min" : 0,
      "max" : 0.99844541094132921,
      "counts" : [
        71,
        48,
        53,
        57,
        50,
        71,
        76,
        85,
        90,
        103,
        114,
        141,
        164,
        177,
        205,
        193,
        219,
        211,
        250,
        273,
        237,
        269,
        299,
        283,
        254,
        299,
        276,
        258,
        233,
        233,
        210,
        194,
        209,
        160,
        160,
        145,
        159,
        124,
        126,
        135,
        116,
        134,
        126,
        91,
        105,
        102,
        106,
        99,
        129,
        100,
        123,
        77,
        87,
        72,
        85,
        78,
        87,
        78,
        87,
        69,
        83,
        86,
        60,
        75,
        71,
        80,
        67,
        50,
        56,
        66,
        59,
        60,
        57,
        46,
        58,
        46,
        44,
        38,
        37,
        32,
        34,
        30,
        34,
        46,
        30,
        42,
        47,
        28,
        35,
        32,
        43,
        29,
        27,
        34,
        31,
        38,
        26,
        23,
        27,
        22,
        28,
        19,
        21,
        31,
        24,
        24,
        20,
        20,
        23,
        24,
        23,
        15,
        18,
        19,
        12,
        28,
        15,
        19,
        18,
        24,
        23,
        17,
        18,
        29,
        13,
        21,
        16,
        16,
        14,
        18,
        16,
        15,
        12,
        18,
        15,
        17,
        14,
        14,
        17,
        13,
        15,
        5,
        15,
        20,
        16,
        13,
        20,
        16,
        11,
        12,
        19,
        11,
        11,
        16,
        14,
        24,
        16,
        18,
        13,
        15,
        14,
        6,
        14,
        9,
        12,
        8,
        8,
        11,
        6,
        10,
        5,
        12,
        7,
        8,
        6,
        7,
        5,
        8,
        9,
        5,
        6,
        7,
        4,
        5,
        8,
        6,
        3,
        8,
        5,
        4,
        7,
        5,
        5,
        8,
        8,
        4,
        6,
        4,
        5,
        7,
        9,
        7,
        10,
        7,
        14,
        13,
        13,
        9,
        14,
        2,
        9,
        7,
        9,
        13,
        9,
        15,
        16,
        12,
        14,
        15,
        18,
        13,
        14,
        10,
        12,
        15,
        18,
        11,
        13,
        10,
        9,
        6,
        9,
        10,
        12,
        11,
        6,
        8,
        11,
        8,
        10,
        8,
        11,
        4,
        9,
        11,
        7,
        9,
        7,
        4,
        9,
        5,
        4,
        2,
        2,
        1
      ]
    }
  ],
  "mdInfo" : {
    "variables" : [
      {
        "name" : "like",
        "unit" : "1",
        "attributes" : {
          "crs" : "EPSG:3577",
          "coordinates" : "spatial_ref",
          "_FillValue" : "NaN"
        },
        "dimensions" : [
        ]
      }
    ],
    "layout" : 1,
    "type" : "MultidimensionalInfo"
  },
  "type" : "RasterInfo"
}