{
  "origin" : {
    "x" : -1288245,
    "y" : -2513865,
    "spatialReference" : {
      "wkid" : 3577,
      "latestWkid" : 3577
    }
  },
  "extent" : {
    "xmin" : -1288245,
    "ymin" : -2517495,
    "xmax" : -1285125,
    "ymax" : -2513865,
    "spatialReference" : {
      "wkid" : 3577,
      "latestWkid" : 3577
    }
  },
  "geodataXform" : {
    "spatialReference" : {
      "wkid" : 3577,
      "latestWkid" : 3577
    },
    "type" : "IdentityXform"
  },
  "LODInfos" : {
    "resolutions" : [
      30
    ],
    "levels" : [
      0
    ],
    "scales" : [
      113385.59999999999
    ],
    "dpi" : 96,
    "type" : "RasterLODInfos"
  },
  "blockWidth" : 256,
  "blockHeight" : 256,
  "bandCount" : 1,
  "pixelType" : 10,
  "pixelSizeX" : 30,
  "pixelSizeY" : 30,
  "format" : "Cache/LERC2D",
  "compressionType" : "LERC",
  "firstPyramidLevel" : 1,
  "maximumPyramidLevel" : 0,
  "packetSize" : 12,
  "compressionQuality" : 0,
  "pyramidResamplingType" : 0,
  "LERCError" : 0,
  "properties" : {
    "KIND" : "IMAGE",
    "BAND_COUNT" : "1",
    "HAS_TABLE" : "0",
    "HAS_XFORM" : "0",
    "BandProperties" : [
      {
        "NoData" : "1.79e+308",
        "BandName" : "Band_1",
        "type" : "PropertySet"
      }
    ],
    "DataType" : "Scientific",
    "type" : "PropertySet"
  },
  "statistics" : [
    {
      "min" : 0,
      "max" : 1,
      "mean" : 0.20412126018222607,
      "standardDeviation" : 0.23754290840765979,
      "median" : 1,
      "mode" : 0,
      "skipX" : 1,
      "skipY" : 1,
      "count" : 201344
    }
  ],
  "histograms" : [
    {
      "size" : 256,
      "min" : 0,
      "max" : 1,
      "counts" : [
        3459,
        1923,
        2124,
        2408,
        2598,
        2522,
        2450,
        2312,
        2256,
        2108,
        2071,
        1936,
        1909,
        1853,
        1661,
        1593,
        1502,
        1434,
        1459,
        1349,
        1331,
        1281,
        1179,
        1216,
        1145,
        1172,
        1053,
        1019,
        1026,
        988,
        972,
        942,
        1008,
        885,
        914,
        890,
        880,
        819,
        829,
        839,
        778,
        780,
        735,
        732,
        710,
        650,
        627,
        666,
        680,
        641,
        598,
        552,
        580,
        562,
        554,
        521,
        510,
        476,
        453,
        452,
        410,
        388,
        379,
        414,
        350,
        381,
        352,
        326,
        320,
        295,
        303,
        320,
        295,
        278,
        291,
        302,
        297,
        271,
        270,
        275,
        271,
        246,
        241,
        235,
        241,
        207,
        240,
        224,
        203,
        229,
        204,
        235,
        201,
        202,
        177,
        198,
        229,
        220,
        179,
        165,
        194,
        186,
        184,
        135,
        180,
        176,
        170,
        165,
        163,
        161,
        159,
        136,
        162,
        141,
        131,
        131,
        124,
        129,
        142,
        130,
        117,
        152,
        126,
        129,
        114,
        121,
        126,
        137,
        127,
        130,
        165,
        134,
        125,
        124,
        124,
        95,
        116,
        106,
        111,
        126,
        107,
        94,
        107,
        112,
        113,
        115,
        125,
        108,
        109,
        87,
        116,
        96,
        122,
        100,
        90,
        90,
        67,
        67,
        85,
        66,
        70,
        61,
        61,
        80,
        75,
        55,
        57,
        74,
        55,
        69,
        38,
        73,
        48,
        56,
        69,
        57,
        58,
        70,
        61,
        57,
        62,
        65,
        59,
        55,
        55,
        65,
        56,
        59,
        59,
        55,
        65,
        77,
        69,
        87,
        85,
        74,
        98,
        90,
        86,
        87,
        123,
        76,
        90,
        116,
        82,
        98,
        99,
        103,
        97,
        137,
        124,
        148,
        114,
        124,
        146,
        119,
        119,
        141,
        122,
        129,
        112,
        121,
        129,
        106,
        121,
        123,
        136,
        102,
        125,
        109,
        117,
        125,
        129,
        115,
        97,
        106,
        108,
        100,
        104,
        92,
        100,
        116,
        103,
        83,
        98,
        109,
        87,
        112,
        98,
        82,
        77,
        68,
        78,
        82,
        119,
        8
      ]
    }
  ],
  "mdInfo" : {
    "variables" : [
      {
        "name" : "like",
        "unit" : "1",
        "attributes" : {
          "crs" : "EPSG:3577",
          "coordinates" : "spatial_ref",
          "_FillValue" : "NaN"
        },
        "dimensions" : [
          {
            "name" : "StdTime",
            "field" : "StdTime",
            "unit" : "ISO8601",
            "interval" : 1,
            "hasRegularIntervals" : true,
            "intervalUnit" : "Years",
            "extent" : [
              1356998400000,
              1577836800000
            ],
            "hasRanges" : false,
            "values" : [
              1356998400000,
              1388534400000,
              1420070400000,
              1451606400000,
              1483228800000,
              1514764800000,
              1546300800000,
              1577836800000
            ]
          }
        ]
      }
    ],
    "layout" : 1,
    "type" : "MultidimensionalInfo"
  },
  "type" : "RasterInfo"
}