{
  "origin" : {
    "x" : -1288245,
    "y" : -2513865,
    "spatialReference" : {
      "wkid" : 3577,
      "latestWkid" : 3577
    }
  },
  "extent" : {
    "xmin" : -1288245,
    "ymin" : -2517495,
    "xmax" : -1285125,
    "ymax" : -2513865,
    "spatialReference" : {
      "wkid" : 3577,
      "latestWkid" : 3577
    }
  },
  "geodataXform" : {
    "spatialReference" : {
      "wkid" : 3577,
      "latestWkid" : 3577
    },
    "type" : "IdentityXform"
  },
  "LODInfos" : {
    "resolutions" : [
      30
    ],
    "levels" : [
      0
    ],
    "scales" : [
      113385.59999999999
    ],
    "dpi" : 96,
    "type" : "RasterLODInfos"
  },
  "blockWidth" : 256,
  "blockHeight" : 256,
  "bandCount" : 1,
  "pixelType" : 6,
  "pixelSizeX" : 30,
  "pixelSizeY" : 30,
  "format" : "Cache/LERC2D",
  "compressionType" : "LERC",
  "firstPyramidLevel" : 1,
  "maximumPyramidLevel" : 0,
  "packetSize" : 16,
  "compressionQuality" : 100000,
  "pyramidResamplingType" : 0,
  "LERCError" : 0.10000000000000001,
  "properties" : {
    "KIND" : "IMAGE",
    "BAND_COUNT" : "1",
    "HAS_TABLE" : "0",
    "HAS_XFORM" : "0",
    "DataType" : "Scientific",
    "BandProperties" : [
      {
        "BandName" : "Band_1",
        "type" : "PropertySet"
      }
    ],
    "type" : "PropertySet"
  },
  "statistics" : [
    {
      "min" : 730,
      "max" : 6683,
      "mean" : 1923.5199459631283,
      "standardDeviation" : 1021.7008668985188,
      "median" : 6683,
      "mode" : 1033.4862745098039,
      "skipX" : 1,
      "skipY" : 1,
      "count" : 25168
    }
  ],
  "histograms" : [
    {
      "size" : 256,
      "min" : 730,
      "max" : 6683,
      "counts" : [
        4,
        7,
        44,
        0,
        49,
        281,
        0,
        0,
        149,
        190,
        444,
        0,
        220,
        774,
        0,
        0,
        233,
        239,
        221,
        239,
        205,
        399,
        0,
        203,
        433,
        0,
        241,
        349,
        0,
        554,
        0,
        0,
        149,
        162,
        157,
        163,
        161,
        138,
        133,
        144,
        236,
        0,
        125,
        242,
        0,
        110,
        113,
        116,
        231,
        0,
        96,
        111,
        99,
        123,
        120,
        106,
        233,
        0,
        329,
        0,
        0,
        209,
        0,
        97,
        158,
        0,
        78,
        69,
        76,
        72,
        56,
        58,
        52,
        51,
        57,
        36,
        42,
        43,
        43,
        51,
        34,
        74,
        0,
        34,
        69,
        0,
        36,
        61,
        0,
        43,
        38,
        34,
        28,
        30,
        36,
        30,
        36,
        69,
        0,
        34,
        65,
        0,
        26,
        24,
        20,
        19,
        34,
        31,
        26,
        29,
        23,
        27,
        18,
        40,
        0,
        30,
        49,
        0,
        19,
        41,
        0,
        19,
        22,
        20,
        14,
        21,
        29,
        22,
        20,
        25,
        12,
        15,
        14,
        14,
        13,
        8,
        15,
        17,
        15,
        18,
        18,
        17,
        13,
        17,
        12,
        7,
        19,
        0,
        9,
        9,
        11,
        13,
        15,
        0,
        13,
        7,
        11,
        7,
        15,
        0,
        6,
        11,
        10,
        32,
        0,
        0,
        12,
        6,
        11,
        24,
        0,
        11,
        10,
        13,
        8,
        15,
        0,
        8,
        9,
        9,
        4,
        6,
        8,
        4,
        10,
        9,
        6,
        9,
        10,
        15,
        10,
        12,
        15,
        11,
        11,
        7,
        0,
        6,
        15,
        0,
        4,
        12,
        0,
        4,
        13,
        0,
        3,
        6,
        5,
        1,
        1,
        4,
        4,
        4,
        3,
        2,
        1,
        4,
        1,
        4,
        1,
        2,
        1,
        2,
        1,
        3,
        1,
        7,
        0,
        1,
        5,
        0,
        1,
        5,
        0,
        2,
        4,
        0,
        1,
        6,
        0,
        1,
        3,
        3,
        3,
        1,
        4,
        6,
        2,
        1,
        0,
        0,
        0,
        1,
        0,
        1
      ]
    }
  ],
  "mdInfo" : {
    "variables" : [
      {
        "name" : "nbart_blue",
        "unit" : "1",
        "attributes" : {
          "crs" : "EPSG:3577",
          "coordinates" : "spatial_ref"
        },
        "dimensions" : [
          {
            "name" : "StdTime",
            "field" : "StdTime",
            "unit" : "ISO8601",
            "extent" : [
              1578708195000,
              1578708195000
            ],
            "hasRanges" : false,
            "values" : [
              1578708195000
            ]
          }
        ]
      }
    ],
    "layout" : 1,
    "type" : "MultidimensionalInfo"
  },
  "type" : "RasterInfo"
}