{
  "origin" : {
    "x" : -1288245,
    "y" : -2513865,
    "spatialReference" : {
      "wkid" : null
    }
  },
  "extent" : {
    "xmin" : -1288245,
    "ymin" : -2517495,
    "xmax" : -1285125,
    "ymax" : -2513865,
    "spatialReference" : {
      "wkid" : null
    }
  },
  "geodataXform" : {
    "type" : "IdentityXform"
  },
  "LODInfos" : {
    "resolutions" : [
      30
    ],
    "levels" : [
      0
    ],
    "scales" : [
      113385.59999999999
    ],
    "dpi" : 96,
    "type" : "RasterLODInfos"
  },
  "blockWidth" : 256,
  "blockHeight" : 256,
  "bandCount" : 1,
  "pixelType" : 10,
  "pixelSizeX" : 30,
  "pixelSizeY" : 30,
  "format" : "Cache/LERC2D",
  "compressionType" : "LERC",
  "firstPyramidLevel" : 1,
  "maximumPyramidLevel" : 0,
  "packetSize" : 12,
  "compressionQuality" : 0,
  "pyramidResamplingType" : 0,
  "LERCError" : 0,
  "properties" : {
    "KIND" : "IMAGE",
    "BAND_COUNT" : "1",
    "HAS_TABLE" : "0",
    "HAS_XFORM" : "0",
    "DataType" : "Scientific",
    "BandProperties" : [
      {
        "BandName" : "Band_1",
        "type" : "PropertySet"
      }
    ],
    "type" : "PropertySet"
  },
  "statistics" : [
    {
      "min" : 0,
      "max" : 1,
      "mean" : 0.46804248292356865,
      "standardDeviation" : 0.36192490560413043,
      "median" : 1,
      "mode" : 0,
      "skipX" : 1,
      "skipY" : 1,
      "count" : 25168
    }
  ],
  "histograms" : [
    {
      "size" : 256,
      "min" : 0,
      "max" : 1,
      "counts" : [
        1190,
        112,
        331,
        154,
        94,
        246,
        79,
        156,
        105,
        54,
        169,
        88,
        87,
        112,
        49,
        123,
        54,
        66,
        73,
        45,
        87,
        62,
        53,
        66,
        41,
        53,
        39,
        30,
        56,
        35,
        32,
        41,
        32,
        41,
        21,
        38,
        37,
        29,
        34,
        17,
        34,
        27,
        26,
        31,
        22,
        24,
        32,
        16,
        27,
        33,
        21,
        27,
        20,
        26,
        18,
        19,
        32,
        18,
        15,
        20,
        18,
        18,
        18,
        15,
        20,
        23,
        24,
        17,
        20,
        20,
        20,
        25,
        20,
        18,
        17,
        21,
        24,
        21,
        20,
        11,
        25,
        23,
        17,
        28,
        18,
        24,
        24,
        22,
        27,
        20,
        21,
        21,
        21,
        19,
        22,
        20,
        21,
        24,
        29,
        28,
        24,
        21,
        19,
        24,
        32,
        25,
        18,
        26,
        28,
        24,
        20,
        17,
        18,
        24,
        29,
        33,
        28,
        25,
        20,
        25,
        23,
        30,
        25,
        23,
        23,
        22,
        30,
        27,
        36,
        18,
        33,
        25,
        22,
        28,
        27,
        40,
        24,
        25,
        34,
        26,
        16,
        35,
        26,
        32,
        22,
        28,
        25,
        33,
        26,
        32,
        31,
        22,
        40,
        29,
        37,
        38,
        28,
        35,
        33,
        48,
        35,
        31,
        25,
        37,
        38,
        36,
        40,
        29,
        34,
        40,
        24,
        33,
        34,
        30,
        44,
        34,
        50,
        29,
        36,
        38,
        39,
        52,
        30,
        56,
        63,
        28,
        74,
        37,
        55,
        43,
        40,
        93,
        45,
        63,
        89,
        32,
        87,
        51,
        69,
        58,
        40,
        68,
        36,
        50,
        54,
        40,
        81,
        44,
        54,
        70,
        56,
        79,
        72,
        55,
        76,
        35,
        61,
        51,
        58,
        96,
        50,
        64,
        52,
        38,
        92,
        52,
        85,
        56,
        35,
        93,
        45,
        70,
        92,
        25,
        89,
        49,
        68,
        101,
        36,
        107,
        30,
        85,
        119,
        16,
        142,
        42,
        62,
        125,
        24,
        153,
        25,
        43,
        123,
        8,
        92,
        19
      ]
    }
  ],
  "mdInfo" : {
    "variables" : [
      {
        "name" : "class_1",
        "unit" : "1",
        "attributes" : {
          "crs" : "EPSG:3577",
          "_FillValue" : "NaN"
        },
        "dimensions" : [
          {
            "name" : "variable",
            "field" : "variable",
            "unit" : "",
            "extent" : [
              1,
              1
            ],
            "hasRanges" : false,
            "values" : [
              1
            ]
          }
        ]
      }
    ],
    "layout" : 1,
    "type" : "MultidimensionalInfo"
  },
  "type" : "RasterInfo"
}