{
  "origin" : {
    "x" : -1288245,
    "y" : -2513865,
    "spatialReference" : {
      "wkid" : 3577,
      "latestWkid" : 3577
    }
  },
  "extent" : {
    "xmin" : -1288245,
    "ymin" : -2517495,
    "xmax" : -1285125,
    "ymax" : -2513865,
    "spatialReference" : {
      "wkid" : 3577,
      "latestWkid" : 3577
    }
  },
  "geodataXform" : {
    "spatialReference" : {
      "wkid" : 3577,
      "latestWkid" : 3577
    },
    "type" : "IdentityXform"
  },
  "LODInfos" : {
    "resolutions" : [
      30
    ],
    "levels" : [
      0
    ],
    "scales" : [
      113385.59999999999
    ],
    "dpi" : 96,
    "type" : "RasterLODInfos"
  },
  "blockWidth" : 256,
  "blockHeight" : 256,
  "bandCount" : 1,
  "pixelType" : 9,
  "pixelSizeX" : 30,
  "pixelSizeY" : 30,
  "format" : "Cache/LERC2D",
  "compressionType" : "LERC",
  "firstPyramidLevel" : 1,
  "maximumPyramidLevel" : 0,
  "packetSize" : 16,
  "compressionQuality" : 0,
  "pyramidResamplingType" : 0,
  "LERCError" : 0,
  "properties" : {
    "KIND" : "IMAGE",
    "BAND_COUNT" : "1",
    "HAS_TABLE" : "0",
    "HAS_XFORM" : "0",
    "BandProperties" : [
      {
        "NoData" : "3.4e+38",
        "BandName" : "Band_1",
        "type" : "PropertySet"
      }
    ],
    "DataType" : "Scientific",
    "type" : "PropertySet"
  },
  "statistics" : [
    {
      "min" : 0,
      "max" : 0.55179738998413086,
      "mean" : 0.092133672148269119,
      "standardDeviation" : 0.083218087713732555,
      "median" : 0.54963347865085976,
      "mode" : 0.028130847332524318,
      "skipX" : 1,
      "skipY" : 1,
      "count" : 2944656
    }
  ],
  "histograms" : [
    {
      "size" : 256,
      "min" : 0,
      "max" : 0.55179738998413086,
      "counts" : [
        2050,
        3328,
        4825,
        8078,
        10100,
        15457,
        21522,
        24616,
        29894,
        31235,
        33801,
        36102,
        37740,
        43106,
        37506,
        35450,
        34604,
        29885,
        32869,
        36132,
        31414,
        28779,
        29200,
        27298,
        28610,
        26889,
        24247,
        25169,
        24151,
        21777,
        21704,
        20612,
        17266,
        18669,
        16918,
        17079,
        15717,
        14397,
        16283,
        14133,
        14023,
        13564,
        12316,
        12319,
        11322,
        10584,
        11264,
        10397,
        9673,
        9723,
        9594,
        9299,
        8516,
        8318,
        9205,
        7990,
        8095,
        8215,
        7297,
        7681,
        7141,
        6664,
        6776,
        6601,
        6542,
        5486,
        5988,
        5587,
        6440,
        6051,
        5480,
        5097,
        5497,
        5432,
        4959,
        4886,
        5191,
        4694,
        4927,
        4369,
        4446,
        4179,
        4989,
        4253,
        3837,
        3764,
        4188,
        3855,
        4037,
        3504,
        3725,
        3595,
        3365,
        3658,
        3131,
        4100,
        3159,
        3289,
        3229,
        2999,
        3371,
        2993,
        2794,
        2842,
        2890,
        2557,
        2706,
        2636,
        2626,
        2784,
        2391,
        2494,
        2092,
        2454,
        2435,
        2226,
        2415,
        1995,
        2278,
        1965,
        1915,
        2020,
        1929,
        2090,
        1881,
        1902,
        1719,
        1659,
        1714,
        1560,
        1558,
        1563,
        1419,
        1653,
        1411,
        1413,
        1554,
        1378,
        1370,
        1510,
        1165,
        1237,
        1155,
        1122,
        1131,
        1126,
        1142,
        1014,
        1110,
        948,
        1255,
        878,
        997,
        915,
        923,
        930,
        819,
        846,
        947,
        903,
        825,
        821,
        759,
        736,
        889,
        757,
        647,
        744,
        711,
        713,
        713,
        647,
        706,
        655,
        608,
        669,
        580,
        645,
        635,
        624,
        576,
        522,
        579,
        537,
        551,
        618,
        505,
        511,
        513,
        504,
        525,
        512,
        460,
        463,
        382,
        423,
        417,
        419,
        530,
        423,
        395,
        411,
        351,
        342,
        355,
        320,
        325,
        311,
        290,
        289,
        284,
        266,
        218,
        222,
        198,
        190,
        175,
        161,
        150,
        132,
        108,
        102,
        115,
        87,
        86,
        73,
        66,
        52,
        46,
        40,
        50,
        35,
        13,
        47,
        26,
        12,
        16,
        8,
        6,
        11,
        10,
        6,
        7,
        1,
        4,
        5,
        4,
        1,
        1,
        0,
        6,
        0,
        1,
        0,
        2,
        0
      ]
    }
  ],
  "mdInfo" : {
    "variables" : [
      {
        "name" : "kndvi",
        "unit" : "1",
        "attributes" : {
          "crs" : "EPSG:3577",
          "coordinates" : "spatial_ref",
          "_FillValue" : "NaN"
        },
        "dimensions" : [
          {
            "name" : "StdTime",
            "field" : "StdTime",
            "unit" : "ISO8601",
            "interval" : 15.001550930000001,
            "hasRegularIntervals" : false,
            "intervalUnit" : "Days",
            "extent" : [
              1364522558000,
              1577325799000
            ],
            "hasRanges" : false,