{
  "origin" : {
    "x" : -1288245,
    "y" : -2513865,
    "spatialReference" : {
      "wkid" : 3577,
      "latestWkid" : 3577
    }
  },
  "extent" : {
    "xmin" : -1288245,
    "ymin" : -2517495,
    "xmax" : -1285125,
    "ymax" : -2513865,
    "spatialReference" : {
      "wkid" : 3577,
      "latestWkid" : 3577
    }
  },
  "geodataXform" : {
    "spatialReference" : {
      "wkid" : 3577,
      "latestWkid" : 3577
    },
    "type" : "IdentityXform"
  },
  "LODInfos" : {
    "resolutions" : [
      30
    ],
    "levels" : [
      0
    ],
    "scales" : [
      113385.59999999999
    ],
    "dpi" : 96,
    "type" : "RasterLODInfos"
  },
  "blockWidth" : 256,
  "blockHeight" : 256,
  "bandCount" : 1,
  "pixelType" : 9,
  "pixelSizeX" : 30,
  "pixelSizeY" : 30,
  "format" : "Cache/LERC2D",
  "compressionType" : "LERC",
  "firstPyramidLevel" : 1,
  "maximumPyramidLevel" : 0,
  "packetSize" : 16,
  "compressionQuality" : 0,
  "pyramidResamplingType" : 0,
  "LERCError" : 0,
  "properties" : {
    "KIND" : "IMAGE",
    "BAND_COUNT" : "1",
    "HAS_TABLE" : "0",
    "HAS_XFORM" : "0",
    "BandProperties" : [
      {
        "NoData" : "3.4e+38",
        "BandName" : "Band_1",
        "type" : "PropertySet"
      }
    ],
    "DataType" : "Scientific",
    "type" : "PropertySet"
  },
  "statistics" : [
    {
      "min" : -0.19405940175056458,
      "max" : 0.57436674833297729,
      "mean" : 0.15692885774398116,
      "standardDeviation" : 0.082843611195164063,
      "median" : 0.57436674833297729,
      "mode" : 0.092217007104088256,
      "skipX" : 1,
      "skipY" : 1,
      "count" : 2189616
    }
  ],
  "histograms" : [
    {
      "size" : 256,
      "min" : -0.19405940175056458,
      "max" : 0.57436674833297729,
      "counts" : [
        1,
        0,
        0,
        0,
        0,
        0,
        0,
        0,
        0,
        0,
        0,
        1,
        0,
        1,
        0,
        1,
        0,
        0,
        0,
        0,
        1,
        2,
        0,
        1,
        0,
        0,
        1,
        1,
        0,
        0,
        0,
        0,
        1,
        0,
        0,
        0,
        2,
        0,
        0,
        2,
        0,
        1,
        0,
        1,
        0,
        0,
        0,
        2,
        0,
        1,
        2,
        1,
        0,
        1,
        0,
        1,
        2,
        1,
        0,
        3,
        3,
        1,
        2,
        3,
        5,
        14,
        30,
        17,
        56,
        52,
        127,
        169,
        371,
        499,
        767,
        1017,
        1518,
        1767,
        2285,
        2576,
        3269,
        4060,
        4869,
        6550,
        9293,
        9586,
        12422,
        15054,
        16945,
        21978,
        20726,
        23636,
        24900,
        23817,
        23816,
        26520,
        24880,
        24359,
        24696,
        25292,
        24501,
        23189,
        21106,
        23922,
        22741,
        23000,
        21406,
        21235,
        19572,
        21156,
        17842,
        19312,
        16627,
        17978,
        16339,
        14414,
        15617,
        14147,
        12890,
        13635,
        12594,
        11445,
        11293,
        10606,
        10368,
        10087,
        9680,
        8954,
        9437,
        7991,
        7928,
        8238,
        7559,
        6861,
        7432,
        6812,
        7317,
        6323,
        6296,
        6008,
        6119,
        5671,
        5078,
        5750,
        5310,
        4793,
        5186,
        5130,
        4392,
        4426,
        4884,
        3645,
        4250,
        4042,
        3848,
        4037,
        3560,
        3717,
        3706,
        3204,
        3356,
        3063,
        3106,
        2948,
        2930,
        2684,
        2716,
        2768,
        2554,
        2337,
        2463,
        2014,
        2073,
        2285,
        2036,
        2036,
        1891,
        1993,
        1672,
        1807,
        1665,
        1609,
        1565,
        1511,
        1464,
        1504,
        1352,
        1394,
        1440,
        1176,
        1149,
        1295,
        1150,
        1150,
        1100,
        1176,
        1012,
        1060,
        928,
        980,
        872,
        1004,
        724,
        916,
        804,
        793,
        860,
        792,
        598,
        797,
        729,
        725,
        709,
        564,
        585,
        587,
        584,
        464,
        568,
        457,
        364,
        401,
        410,
        231,
        343,
        246,
        213,
        280,
        183,
        179,
        132,
        136,
        91,
        81,
        45,
        80,
        76,
        19,
        39,
        41,
        18,
        9,
        26,
        11,
        1,
        7,
        4,
        0,
        3,
        0,
        6,
        1,
        3,
        0,
        0,
        1
      ]
    }
  ],
  "mdInfo" : {
    "variables" : [
      {
        "name" : "mavi",
        "unit" : "1",
        "attributes" : {
          "crs" : "EPSG:3577",
          "coordinates" : "spatial_ref",
          "_FillValue" : "NaN"
        },
        "dimensions" : [
          {
            "name" : "StdTime",
            "field" : "StdTime",
            "unit" : "ISO8601",
            "interval" : 15.99984954,
            "hasRegularIntervals" : false,
            "intervalUnit" : "Days",
            "extent" : [
              1422496981000,
              1577325799000
            ],
            "hasRanges" : false,