{
  "origin" : {
    "x" : -1288245,
    "y" : -2513865,
    "spatialReference" : {
      "wkid" : 3577,
      "latestWkid" : 3577
    }
  },
  "extent" : {
    "xmin" : -1288245,
    "ymin" : -2517495,
    "xmax" : -1285125,
    "ymax" : -2513865,
    "spatialReference" : {
      "wkid" : 3577,
      "latestWkid" : 3577
    }
  },
  "geodataXform" : {
    "spatialReference" : {
      "wkid" : 3577,
      "latestWkid" : 3577
    },
    "type" : "IdentityXform"
  },
  "LODInfos" : {
    "resolutions" : [
      30
    ],
    "levels" : [
      0
    ],
    "scales" : [
      113385.59999999999
    ],
    "dpi" : 96,
    "type" : "RasterLODInfos"
  },
  "blockWidth" : 256,
  "blockHeight" : 256,
  "bandCount" : 1,
  "pixelType" : 9,
  "pixelSizeX" : 30,
  "pixelSizeY" : 30,
  "format" : "Cache/LERC2D",
  "compressionType" : "LERC",
  "firstPyramidLevel" : 1,
  "maximumPyramidLevel" : 0,
  "packetSize" : 16,
  "compressionQuality" : 0,
  "pyramidResamplingType" : 0,
  "LERCError" : 0,
  "properties" : {
    "KIND" : "IMAGE",
    "BAND_COUNT" : "1",
    "HAS_TABLE" : "0",
    "HAS_XFORM" : "0",
    "BandProperties" : [
      {
        "NoData" : "3.4e+38",
        "BandName" : "Band_1",
        "type" : "PropertySet"
      }
    ],
    "DataType" : "Scientific",
    "type" : "PropertySet"
  },
  "statistics" : [
    {
      "min" : -0.20563380420207977,
      "max" : 0.74604105949401855,
      "mean" : 0.22760813434077021,
      "standardDeviation" : 0.098364367024329824,
      "median" : 0.74604105949401855,
      "mode" : 0.1451796749643251,
      "skipX" : 1,
      "skipY" : 1,
      "count" : 1409408
    }
  ],
  "histograms" : [
    {
      "size" : 256,
      "min" : -0.20563380420207977,
      "max" : 0.74604105949401855,
      "counts" : [
        1,
        0,
        0,
        0,
        1,
        0,
        1,
        0,
        0,
        0,
        0,
        0,
        0,
        0,
        0,
        1,
        1,
        1,
        1,
        0,
        1,
        0,
        0,
        0,
        1,
        0,
        1,
        0,
        0,
        0,
        0,
        0,
        0,
        0,
        1,
        0,
        0,
        0,
        0,
        0,
        0,
        0,
        1,
        0,
        1,
        0,
        1,
        0,
        1,
        1,
        2,
        0,
        0,
        0,
        1,
        2,
        1,
        1,
        3,
        2,
        5,
        11,
        5,
        10,
        18,
        47,
        54,
        185,
        151,
        249,
        298,
        390,
        441,
        642,
        897,
        997,
        1309,
        1752,
        2273,
        2235,
        3593,
        3563,
        5378,
        5235,
        6280,
        8576,
        10030,
        11779,
        12486,
        13226,
        14785,
        14361,
        15920,
        16134,
        17092,
        15557,
        16905,
        16833,
        15868,
        16320,
        14622,
        14986,
        14170,
        14398,
        13494,
        12238,
        12806,
        15117,
        11998,
        11144,
        10964,
        10522,
        10379,
        10378,
        9253,
        9060,
        9100,
        8635,
        8622,
        7885,
        8367,
        7760,
        7151,
        8290,
        6924,
        6660,
        5826,
        6835,
        4837,
        9638,
        5061,
        4693,
        5468,
        4551,
        4320,
        4957,
        4149,
        4043,
        4330,
        4065,
        3609,
        3668,
        3502,
        3082,
        3381,
        3083,
        3282,
        2737,
        2915,
        2608,
        2797,
        2379,
        2535,
        2389,
        1952,
        2810,
        2123,
        2089,
        1852,
        2046,
        1800,
        1758,
        1937,
        1377,
        1806,
        1484,
        1478,
        1534,
        1588,
        1211,
        2152,
        1640,
        1292,
        1208,
        1068,
        1126,
        1164,
        995,
        986,
        876,
        1036,
        900,
        900,
        844,
        836,
        680,
        813,
        975,
        700,
        871,
        980,
        604,
        790,
        462,
        541,
        567,
        567,
        485,
        536,
        508,
        500,
        335,
        493,
        463,
        405,
        364,
        280,
        310,
        320,
        246,
        270,
        363,
        263,
        187,
        181,
        230,
        141,
        214,
        196,
        105,
        148,
        115,
        132,
        53,
        89,
        84,
        86,
        66,
        78,
        51,
        42,
        49,
        37,
        37,
        35,
        46,
        24,
        14,
        10,
        14,
        16,
        13,
        10,
        9,
        20,
        5,
        2,
        7,
        5,
        1,
        3,
        4,
        3,
        0,
        1,
        1
      ]
    }
  ],
  "mdInfo" : {
    "variables" : [
      {
        "name" : "ndvi",
        "unit" : "1",
        "attributes" : {
          "crs" : "EPSG:3577",
          "coordinates" : "spatial_ref",
          "_FillValue" : "NaN"
        },
        "dimensions" : [
          {
            "name" : "StdTime",
            "field" : "StdTime",
            "unit" : "ISO8601",
            "interval" : 15.99984954,
            "hasRegularIntervals" : false,
            "intervalUnit" : "Days",
            "extent" : [
              1515117791000,
              1604973801000
            ],
            "hasRanges" : false,
            "values" : [
              1515117791000,
              1516500184000,
              1517882575000,
              1520647361000,
              1522029753000,
              1523412145000,
              1524794536000,
              1526176926000,
              1527559313000,
              1528941716000,
              1530324127000,
              1531706534000,
              1533088942000,
              1534471351000,
              1535853757000,
              1537236162000,
              1540000976000,
              1541383379000,
              1542765780000,
              1544148178000,
              1545530576000,
              1546912975000,
              1549677769000,
              1551060166000,
              1556589749000,
              1557972159000,
              1559354567000,
              1562119378000,
              1563501781000,
              1564884188000,
              1566266593000,
              1567648996000,
              1569031402000,
              1570413806000,
              1571796208000,
              1573178606000,
              1574561003000,
              1575943402000,
              1577325799000,
              1580090591000,
              1581472986000,
              1582855382000,
              1584237775000,
              1585620166000,
              1587002559000,
              1588384951000,
              1592532165000,
              1593914572000,
              1595296978000,
              1596679382000,
              1598061788000,
              1599444196000,
              1600826601000,
              1602209004000,
              1603591404000,
              1604973801000
            ]
          }
        ]
      }
    ],
    "layout" : 1,
    "type" : "MultidimensionalInfo"
  },
  "type" : "RasterInfo"
}