{
  "origin" : {
    "x" : -1411965,
    "y" : -3839625,
    "spatialReference" : {
      "wkid" : 3577,
      "latestWkid" : 3577
    }
  },
  "extent" : {
    "xmin" : -1411965,
    "ymin" : -3843165,
    "xmax" : -1408935,
    "ymax" : -3839625,
    "spatialReference" : {
      "wkid" : 3577,
      "latestWkid" : 3577
    }
  },
  "geodataXform" : {
    "spatialReference" : {
      "wkid" : 3577,
      "latestWkid" : 3577
    },
    "type" : "IdentityXform"
  },
  "LODInfos" : {
    "resolutions" : [
      30
    ],
    "levels" : [
      0
    ],
    "scales" : [
      113385.59999999999
    ],
    "dpi" : 96,
    "type" : "RasterLODInfos"
  },
  "blockWidth" : 256,
  "blockHeight" : 256,
  "bandCount" : 1,
  "pixelType" : 9,
  "pixelSizeX" : 30,
  "pixelSizeY" : 30,
  "format" : "Cache/LERC2D",
  "compressionType" : "LERC",
  "firstPyramidLevel" : 1,
  "maximumPyramidLevel" : 0,
  "packetSize" : 16,
  "compressionQuality" : 0,
  "pyramidResamplingType" : 0,
  "LERCError" : 0,
  "properties" : {
    "KIND" : "IMAGE",
    "BAND_COUNT" : "1",
    "HAS_TABLE" : "0",
    "HAS_XFORM" : "0",
    "BandProperties" : [
      {
        "NoData" : "3.4e+38",
        "BandName" : "Band_1",
        "type" : "PropertySet"
      }
    ],
    "DataType" : "Scientific",
    "type" : "PropertySet"
  },
  "statistics" : [
    {
      "min" : 0.01920662447810173,
      "max" : 0.67568063735961914,
      "mean" : 0.41782210493815325,
      "standardDeviation" : 0.10634975601143566,
      "median" : 0.67568063735961914,
      "mode" : 0.44913274271815434,
      "skipX" : 1,
      "skipY" : 1,
      "count" : 1763864
    }
  ],
  "histograms" : [
    {
      "size" : 256,
      "min" : 0.01920662447810173,
      "max" : 0.67568063735961914,
      "counts" : [
        138,
        54,
        84,
        78,
        17,
        115,
        109,
        112,
        344,
        109,
        213,
        383,
        303,
        475,
        267,
        370,
        614,
        451,
        715,
        463,
        390,
        923,
        244,
        884,
        722,
        638,
        718,
        1394,
        826,
        692,
        898,
        946,
        891,
        886,
        840,
        784,
        987,
        1064,
        1062,
        618,
        1194,
        1193,
        641,
        1007,
        1098,
        1248,
        932,
        905,
        933,
        908,
        725,
        969,
        989,
        1033,
        909,
        1836,
        920,
        774,
        983,
        786,
        865,
        922,
        944,
        1009,
        1127,
        896,
        743,
        1148,
        987,
        906,
        1132,
        1052,
        1121,
        1059,
        1099,
        949,
        1403,
        976,
        1054,
        1029,
        1375,
        1021,
        1094,
        3245,
        1063,
        1153,
        1503,
        1256,
        1384,
        1274,
        1182,
        1359,
        1434,
        1432,
        1277,
        1640,
        1749,
        1821,
        1471,
        1858,
        1451,
        1720,
        1925,
        1803,
        1975,
        1845,
        2877,
        2451,
        2263,
        2289,
        3047,
        4259,
        3043,
        2325,
        3018,
        3719,
        3099,
        2862,
        3373,
        3034,
        3441,
        4100,
        3420,
        3719,
        5133,
        4403,
        4191,
        4319,
        4302,
        4186,
        4904,
        7240,
        5759,
        7556,
        6063,
        5885,
        5921,
        6150,
        8099,
        11972,
        7135,
        7333,
        11708,
        7501,
        8986,
        8894,
        15831,
        9314,
        8934,
        8971,
        13544,
        9735,
        8840,
        10269,
        9727,
        9769,
        9309,
        10797,
        9542,
        9721,
        15026,
        10311,
        8959,
        9338,
        10926,
        10007,
        15575,
        23157,
        9692,
        8963,
        9572,
        9710,
        9039,
        9843,
        8462,
        8528,
        8185,
        11162,
        8025,
        7973,
        7861,
        7433,
        7569,
        7844,
        7497,
        7207,
        8320,
        6696,
        7014,
        5708,
        6795,
        5404,
        6620,
        5044,
        5326,
        12337,
        4681,
        4700,
        5107,
        5856,
        4452,
        4498,
        5645,
        3877,
        5275,
        3908,
        5855,
        3147,
        3448,
        3689,
        3540,
        3044,
        2616,
        4143,
        2134,
        2025,
        3143,
        1965,
        2201,
        1611,
        1466,
        1532,
        1232,
        1932,
        1253,
        801,
        936,
        658,
        628,
        547,
        471,
        384,
        290,
        279,
        280,
        235,
        124,
        113,
        15,
        105,
        52,
        27,
        19,
        16,
        12,
        4,
        2,
        5,
        2,
        5,
        0,
        0,
        0,
        0,
        1,
        1
      ]
    }
  ],
  "mdInfo" : {
    "variables" : [
      {
        "name" : "kndvi",
        "unit" : "1",
        "attributes" : {
          "crs" : "EPSG:3577",
          "coordinates" : "spatial_ref",
          "_FillValue" : "NaN"
        },
        "dimensions" : [
          {
            "name" : "StdTime",
            "field" : "StdTime",
            "unit" : "ISO8601",
            "interval" : 7.0042129600000003,
            "hasRegularIntervals" : false,
            "intervalUnit" : "Days",
            "extent" : [
              1421114778000,
              1577325991000
            ],
            "hasRanges" : false,