{
  "origin" : {
    "x" : -1321770,
    "y" : -2536020,
    "spatialReference" : {
      "wkid" : 3577,
      "latestWkid" : 3577
    }
  },
  "extent" : {
    "xmin" : -1321770,
    "ymin" : -2543160,
    "xmax" : -1315140,
    "ymax" : -2536020,
    "spatialReference" : {
      "wkid" : 3577,
      "latestWkid" : 3577
    }
  },
  "geodataXform" : {
    "spatialReference" : {
      "wkid" : 3577,
      "latestWkid" : 3577
    },
    "type" : "IdentityXform"
  },
  "LODInfos" : {
    "resolutions" : [
      30
    ],
    "levels" : [
      0
    ],
    "scales" : [
      113385.59999999999
    ],
    "dpi" : 96,
    "type" : "RasterLODInfos"
  },
  "blockWidth" : 256,
  "blockHeight" : 256,
  "bandCount" : 1,
  "pixelType" : 9,
  "pixelSizeX" : 30,
  "pixelSizeY" : 30,
  "format" : "Cache/LERC2D",
  "compressionType" : "LERC",
  "firstPyramidLevel" : 1,
  "maximumPyramidLevel" : 0,
  "packetSize" : 16,
  "compressionQuality" : 0,
  "pyramidResamplingType" : 0,
  "LERCError" : 0,
  "properties" : {
    "KIND" : "IMAGE",
    "BAND_COUNT" : "1",
    "HAS_TABLE" : "0",
    "HAS_XFORM" : "0",
    "BandProperties" : [
      {
        "NoData" : "3.4e+38",
        "BandName" : "Band_1",
        "type" : "PropertySet"
      }
    ],
    "DataType" : "Scientific",
    "type" : "PropertySet"
  },
  "statistics" : [
    {
      "min" : -0.79411762952804565,
      "max" : 0.5242609977722168,
      "mean" : 0.095064234043381199,
      "standardDeviation" : 0.048712892165543913,
      "median" : 0.5242609977722168,
      "mode" : 0.058950894019182964,
      "skipX" : 1,
      "skipY" : 1,
      "count" : 13570284
    }
  ],
  "histograms" : [
    {
      "size" : 256,
      "min" : -0.79411762952804565,
      "max" : 0.5242609977722168,
      "counts" : [
        1,
        0,
        2,
        1,
        0,
        0,
        0,
        0,
        0,
        0,
        0,
        1,
        0,
        1,
        1,
        0,
        0,
        1,
        0,
        0,
        0,
        0,
        0,
        0,
        0,
        0,
        0,
        0,
        0,
        0,
        0,
        0,
        1,
        1,
        0,
        0,
        1,
        0,
        1,
        2,
        0,
        0,
        1,
        1,
        2,
        2,
        2,
        1,
        2,
        0,
        1,
        3,
        1,
        1,
        1,
        1,
        2,
        1,
        1,
        2,
        1,
        1,
        0,
        3,
        3,
        3,
        0,
        2,
        2,
        1,
        3,
        4,
        4,
        7,
        4,
        2,
        4,
        2,
        3,
        1,
        4,
        4,
        8,
        11,
        3,
        6,
        2,
        2,
        4,
        3,
        10,
        4,
        4,
        3,
        6,
        12,
        1,
        10,
        7,
        7,
        5,
        16,
        11,
        8,
        12,
        3,
        7,
        6,
        9,
        4,
        4,
        15,
        10,
        9,
        7,
        15,
        14,
        22,
        9,
        13,
        20,
        19,
        24,
        19,
        20,
        34,
        30,
        18,
        35,
        32,
        38,
        33,
        40,
        37,
        61,
        95,
        75,
        63,
        82,
        87,
        111,
        119,
        175,
        180,
        351,
        304,
        410,
        514,
        688,
        1344,
        2359,
        5457,
        10536,
        19316,
        31652,
        50222,
        82438,
        128564,
        192755,
        240527,
        256036,
        232500,
        235055,
        221716,
        232955,
        330030,
        260889,
        283081,
        289370,
        276300,
        295541,
        287307,
        284271,
        258836,
        251063,
        216965,
        227900,
        186584,
        181303,
        159870,
        141599,
        129443,
        99648,
        107778,
        74962,
        79135,
        94959,
        47256,
        51738,
        34607,
        26273,
        24006,
        19176,
        16922,
        14893,
        11154,
        11342,
        8542,
        7255,
        6114,
        6377,
        4812,
        4220,
        3717,
        3399,
        2704,
        3265,
        2008,
        1636,
        1349,
        1083,
        1184,
        1072,
        700,
        717,
        517,
        470,
        339,
        345,
        247,
        211,
        198,
        148,
        130,
        114,
        74,
        78,
        47,
        68,
        49,
        33,
        33,
        26,
        15,
        19,
        14,
        12,
        6,
        10,
        3,
        9,
        9,
        3,
        6,
        3,
        1,
        1,
        1,
        1,
        0,
        0,
        0,
        1,
        0,
        0,
        1
      ]
    }
  ],
  "mdInfo" : {
    "variables" : [
      {
        "name" : "mavi",
        "unit" : "1",
        "attributes" : {
          "crs" : "EPSG:3577",
          "coordinates" : "spatial_ref",
          "_FillValue" : "NaN"
        },
        "dimensions" : [
          {
            "name" : "StdTime",
            "field" : "StdTime",
            "unit" : "ISO8601",
            "interval" : 15.001550930000001,
            "hasRegularIntervals" : false,
            "intervalUnit" : "Days",
            "extent" : [
              1364522558000,
              1604973801000
            ],
            "hasRanges" : false,