{
  "origin" : {
    "x" : -1302495,
    "y" : -2525985,
    "spatialReference" : {
      "wkid" : 3577,
      "latestWkid" : 3577
    }
  },
  "extent" : {
    "xmin" : -1302495,
    "ymin" : -2539335,
    "xmax" : -1289505,
    "ymax" : -2525985,
    "spatialReference" : {
      "wkid" : 3577,
      "latestWkid" : 3577
    }
  },
  "geodataXform" : {
    "spatialReference" : {
      "wkid" : 3577,
      "latestWkid" : 3577
    },
    "type" : "IdentityXform"
  },
  "LODInfos" : {
    "resolutions" : [
      60,
      30
    ],
    "levels" : [
      0,
      1
    ],
    "scales" : [
      226771.19999999998,
      113385.59999999999
    ],
    "dpi" : 96,
    "type" : "RasterLODInfos"
  },
  "blockWidth" : 256,
  "blockHeight" : 256,
  "bandCount" : 1,
  "pixelType" : 9,
  "pixelSizeX" : 30,
  "pixelSizeY" : 30,
  "format" : "Cache/LERC2D",
  "compressionType" : "LERC",
  "firstPyramidLevel" : 1,
  "maximumPyramidLevel" : 1,
  "packetSize" : 16,
  "compressionQuality" : 0,
  "pyramidResamplingType" : 0,
  "LERCError" : 0,
  "properties" : {
    "KIND" : "IMAGE",
    "BAND_COUNT" : "1",
    "HAS_TABLE" : "0",
    "HAS_XFORM" : "0",
    "BandProperties" : [
      {
        "NoData" : "3.4e+38",
        "BandName" : "Band_1",
        "type" : "PropertySet"
      }
    ],
    "DataType" : "Scientific",
    "type" : "PropertySet"
  },
  "statistics" : [
    {
      "min" : 0,
      "max" : 0.57835906744003296,
      "mean" : 0.050612419704741569,
      "standardDeviation" : 0.04754312523919578,
      "median" : 0.57835906744003296,
      "mode" : 0.018144598194197111,
      "skipX" : 1,
      "skipY" : 1,
      "count" : 27361270
    }
  ],
  "histograms" : [
    {
      "size" : 256,
      "min" : 0,
      "max" : 0.57835906744003296,
      "counts" : [
        132996,
        199630,
        270752,
        399103,
        464287,
        524083,
        581503,
        532285,
        597295,
        486762,
        542221,
        485496,
        505539,
        443932,
        444016,
        448059,
        382703,
        360734,
        335789,
        306198,
        311958,
        287159,
        256067,
        255011,
        214224,
        207241,
        218685,
        172652,
        191016,
        145458,
        137366,
        158002,
        120494,
        129407,
        115006,
        106677,
        104010,
        92315,
        88166,
        96208,
        83384,
        78220,
        71125,
        67356,
        69178,
        68495,
        58470,
        58545,
        51855,
        53429,
        51066,
        49709,
        44675,
        39692,
        50794,
        35071,
        35342,
        38490,
        35043,
        28569,
        30585,
        31074,
        27227,
        31679,
        27620,
        23595,
        22014,
        21527,
        19862,
        22655,
        22071,
        17145,
        19725,
        15752,
        17965,
        14796,
        16881,
        14455,
        13592,
        13123,
        12568,
        12729,
        11496,
        10228,
        11426,
        9453,
        10325,
        8717,
        9462,
        8740,
        8106,
        7831,
        7539,
        7487,
        6866,
        6769,
        6149,
        6362,
        6442,
        5682,
        5030,
        5140,
        5008,
        4976,
        4691,
        4497,
        3970,
        4284,
        4447,
        4718,
        3303,
        3406,
        3945,
        3773,
        3146,
        2798,
        2785,
        3158,
        2863,
        2987,
        3118,
        2664,
        2430,
        2552,
        2273,
        2627,
        2289,
        2423,
        2060,
        2136,
        2024,
        1945,
        2126,
        1842,
        1819,
        1688,
        1717,
        1509,
        1573,
        1719,
        1517,
        1574,
        1390,
        1415,
        1319,
        1395,
        1323,
        1237,
        1214,
        1075,
        1035,
        1109,
        1027,
        1172,
        1009,
        1061,
        910,
        850,
        849,
        870,
        804,
        792,
        758,
        757,
        649,
        785,
        755,
        698,
        606,
        553,
        675,
        555,
        537,
        531,
        500,
        445,
        460,
        454,
        476,
        428,
        377,
        414,
        316,
        323,
        314,
        341,
        338,
        288,
        266,
        267,
        241,
        208,
        216,
        201,
        209,
        184,
        163,
        151,
        159,
        150,
        130,
        167,
        119,
        109,
        94,
        97,
        101,
        93,
        82,
        68,
        55,
        49,
        52,
        45,
        44,
        32,
        41,
        36,
        39,
        32,
        25,
        17,
        33,
        17,
        17,
        17,
        11,
        10,
        9,
        9,
        16,
        8,
        6,
        10,
        6,
        8,
        4,
        7,
        2,
        6,
        2,
        2,
        3,
        5,
        4,
        2,
        3,
        0,
        0,
        1,
        0,
        0,
        2,
        0,
        0,
        1
      ]
    }
  ],
  "mdInfo" : {
    "variables" : [
      {
        "name" : "kndvi",
        "unit" : "1",
        "attributes" : {
          "crs" : "EPSG:3577",
          "coordinates" : "spatial_ref",
          "_FillValue" : "NaN"
        },
        "dimensions" : [
          {
            "name" : "StdTime",
            "field" : "StdTime",
            "unit" : "ISO8601",
            "interval" : 15.99984954,
            "hasRegularIntervals" : false,
            "intervalUnit" : "Days",
            "extent" : [
              1455674578000,
              1577325799000
            ],
            "hasRanges" : false,