{
  "origin" : {
    "x" : -1289235,
    "y" : -2511885,
    "spatialReference" : {
      "wkid" : 3577,
      "latestWkid" : 3577
    }
  },
  "extent" : {
    "xmin" : -1289235,
    "ymin" : -2520105,
    "xmax" : -1283235,
    "ymax" : -2511885,
    "spatialReference" : {
      "wkid" : 3577,
      "latestWkid" : 3577
    }
  },
  "geodataXform" : {
    "spatialReference" : {
      "wkid" : 3577,
      "latestWkid" : 3577
    },
    "type" : "IdentityXform"
  },
  "LODInfos" : {
    "resolutions" : [
      30
    ],
    "levels" : [
      0
    ],
    "scales" : [
      113385.59999999999
    ],
    "dpi" : 96,
    "type" : "RasterLODInfos"
  },
  "blockWidth" : 256,
  "blockHeight" : 256,
  "bandCount" : 1,
  "pixelType" : 9,
  "pixelSizeX" : 30,
  "pixelSizeY" : 30,
  "format" : "Cache/LERC2D",
  "compressionType" : "LERC",
  "firstPyramidLevel" : 1,
  "maximumPyramidLevel" : 0,
  "packetSize" : 16,
  "compressionQuality" : 0,
  "pyramidResamplingType" : 0,
  "LERCError" : 0,
  "properties" : {
    "KIND" : "IMAGE",
    "BAND_COUNT" : "1",
    "HAS_TABLE" : "0",
    "HAS_XFORM" : "0",
    "BandProperties" : [
      {
        "NoData" : "3.4e+38",
        "BandName" : "Band_1",
        "type" : "PropertySet"
      }
    ],
    "DataType" : "Scientific",
    "type" : "PropertySet"
  },
  "statistics" : [
    {
      "min" : 0,
      "max" : 0.55446898937225342,
      "mean" : 0.061766318639699808,
      "standardDeviation" : 0.060295827535008638,
      "median" : 0.55446898937225342,
      "mode" : 0.026092658323400162,
      "skipX" : 1,
      "skipY" : 1,
      "count" : 15563200
    }
  ],
  "histograms" : [
    {
      "size" : 256,
      "min" : 0,
      "max" : 0.55446898937225342,
      "counts" : [
        200593,
        82557,
        82955,
        124155,
        149171,
        165945,
        207198,
        202481,
        251331,
        242937,
        237131,
        276030,
        278394,
        243840,
        228150,
        237824,
        214978,
        216753,
        201309,
        194037,
        180549,
        178423,
        156094,
        163552,
        146579,
        138550,
        146171,
        120859,
        125061,
        108936,
        100121,
        95973,
        92798,
        85045,
        76931,
        80470,
        71645,
        68091,
        64520,
        56949,
        63257,
        52873,
        51039,
        47705,
        49162,
        41774,
        43418,
        40263,
        36007,
        36678,
        32577,
        32617,
        32102,
        32720,
        28121,
        27723,
        27413,
        25418,
        22634,
        23835,
        20706,
        22484,
        19983,
        19328,
        18774,
        18601,
        17378,
        17735,
        16418,
        14939,
        15523,
        14637,
        15073,
        13090,
        13182,
        12448,
        12362,
        11663,
        11610,
        11618,
        10524,
        11422,
        9670,
        10182,
        9551,
        9575,
        8978,
        8399,
        8923,
        8579,
        7924,
        7708,
        7734,
        7970,
        7970,
        7139,
        6942,
        6693,
        6524,
        6530,
        6165,
        5839,
        5863,
        6172,
        5661,
        5859,
        5179,
        5291,
        5858,
        5083,
        4582,
        4844,
        4977,
        4465,
        4741,
        4278,
        4472,
        3892,
        3934,
        3987,
        4216,
        3645,
        3943,
        3674,
        3893,
        3274,
        3321,
        3032,
        3039,
        3052,
        3027,
        3169,
        3015,
        2801,
        2696,
        2911,
        2607,
        2692,
        2372,
        2450,
        2370,
        2318,
        2077,
        2309,
        2190,
        2078,
        2117,
        1946,
        1846,
        2244,
        1816,
        1808,
        1727,
        1710,
        1852,
        1720,
        1573,
        1510,
        1603,
        1610,
        1443,
        1541,
        1383,
        1680,
        1372,
        1296,
        1285,
        1369,
        1330,
        1260,
        1158,
        1197,
        1193,
        1144,
        1193,
        1135,
        1091,
        1086,
        1037,
        1049,
        969,
        992,
        932,
        895,
        920,
        898,
        825,
        901,
        845,
        814,
        856,
        778,
        712,
        717,
        646,
        672,
        674,
        712,
        657,
        591,
        561,
        573,
        516,
        550,
        547,
        481,
        725,
        387,
        415,
        394,
        360,
        306,
        331,
        311,
        272,
        235,
        230,
        210,
        177,
        137,
        174,
        133,
        120,
        112,
        101,
        92,
        75,
        70,
        71,
        52,
        56,
        44,
        34,
        29,
        21,
        24,
        14,
        22,
        11,
        17,
        12,
        5,
        9,
        7,
        7,
        0,
        0,
        3,
        4,
        4,
        1,
        1,
        1,
        1,
        0,
        1
      ]
    }
  ],
  "mdInfo" : {
    "variables" : [
      {
        "name" : "kndvi",
        "unit" : "1",
        "attributes" : {
          "crs" : "EPSG:3577",
          "coordinates" : "spatial_ref",
          "_FillValue" : "NaN"
        },
        "dimensions" : [
          {
            "name" : "StdTime",
            "field" : "StdTime",
            "unit" : "ISO8601",
            "interval" : 15.001550930000001,
            "hasRegularIntervals" : false,
            "intervalUnit" : "Days",
            "extent" : [
              1364522558000,
              1625709778000
            ],
            "hasRanges" : false,