{
  "origin" : {
    "x" : -1289235,
    "y" : -2511885,
    "spatialReference" : {
      "wkid" : 3577,
      "latestWkid" : 3577
    }
  },
  "extent" : {
    "xmin" : -1289235,
    "ymin" : -2520105,
    "xmax" : -1283235,
    "ymax" : -2511885,
    "spatialReference" : {
      "wkid" : 3577,
      "latestWkid" : 3577
    }
  },
  "geodataXform" : {
    "spatialReference" : {
      "wkid" : 3577,
      "latestWkid" : 3577
    },
    "type" : "IdentityXform"
  },
  "LODInfos" : {
    "resolutions" : [
      30
    ],
    "levels" : [
      0
    ],
    "scales" : [
      113385.59999999999
    ],
    "dpi" : 96,
    "type" : "RasterLODInfos"
  },
  "blockWidth" : 256,
  "blockHeight" : 256,
  "bandCount" : 1,
  "pixelType" : 9,
  "pixelSizeX" : 30,
  "pixelSizeY" : 30,
  "format" : "Cache/LERC2D",
  "compressionType" : "LERC",
  "firstPyramidLevel" : 1,
  "maximumPyramidLevel" : 0,
  "packetSize" : 16,
  "compressionQuality" : 0,
  "pyramidResamplingType" : 0,
  "LERCError" : 0,
  "properties" : {
    "KIND" : "IMAGE",
    "BAND_COUNT" : "1",
    "HAS_TABLE" : "0",
    "HAS_XFORM" : "0",
    "BandProperties" : [
      {
        "NoData" : "3.4e+38",
        "BandName" : "Band_1",
        "type" : "PropertySet"
      }
    ],
    "DataType" : "Scientific",
    "type" : "PropertySet"
  },
  "statistics" : [
    {
      "min" : 0,
      "max" : 0.55446898937225342,
      "mean" : 0.061795408300892307,
      "standardDeviation" : 0.062559602792950877,
      "median" : 0.55446898937225342,
      "mode" : 0.023918270129783481,
      "skipX" : 1,
      "skipY" : 1,
      "count" : 9532472
    }
  ],
  "histograms" : [
    {
      "size" : 256,
      "min" : 0,
      "max" : 0.55446898937225342,
      "counts" : [
        121935,
        46684,
        52427,
        75312,
        83576,
        104813,
        126433,
        137693,
        156348,
        151202,
        155058,
        175033,
        160740,
        153189,
        157521,
        139887,
        143816,
        132200,
        122969,
        119260,
        107204,
        115637,
        96028,
        95758,
        91364,
        84482,
        82100,
        67433,
        85977,
        59987,
        56199,
        63292,
        50731,
        50478,
        49589,
        45372,
        44024,
        39454,
        36467,
        33887,
        32132,
        31533,
        30696,
        28807,
        27523,
        24964,
        23917,
        22991,
        21738,
        20934,
        19721,
        19593,
        18754,
        16933,
        16339,
        18267,
        15633,
        14849,
        14752,
        13007,
        12204,
        13207,
        13288,
        11020,
        12062,
        10938,
        10082,
        10087,
        9580,
        9565,
        8930,
        8753,
        8937,
        8250,
        7954,
        8027,
        6884,
        7245,
        7095,
        7212,
        6530,
        6427,
        6047,
        5880,
        6024,
        5562,
        5513,
        5466,
        5496,
        5127,
        4872,
        4800,
        5005,
        4681,
        4343,
        4475,
        4445,
        4357,
        4225,
        4055,
        3841,
        3711,
        3667,
        3704,
        3604,
        3533,
        3141,
        3253,
        3130,
        3123,
        2938,
        2856,
        3477,
        2604,
        3219,
        2498,
        2671,
        2342,
        2620,
        2253,
        2617,
        2242,
        2253,
        2391,
        2238,
        2131,
        2164,
        1883,
        2618,
        2057,
        1998,
        1976,
        1827,
        1781,
        1663,
        1792,
        1609,
        1609,
        1680,
        1583,
        1610,
        1548,
        1428,
        1332,
        1466,
        1334,
        1354,
        1375,
        1352,
        1213,
        1250,
        1300,
        1173,
        1143,
        1290,
        1143,
        1131,
        1145,
        1125,
        1151,
        1025,
        1081,
        1040,
        956,
        1069,
        979,
        1034,
        976,
        954,
        1040,
        920,
        925,
        859,
        869,
        886,
        839,
        919,
        804,
        787,
        736,
        765,
        686,
        755,
        809,
        702,
        801,
        621,
        709,
        740,
        682,
        557,
        571,
        599,
        561,
        543,
        619,
        553,
        597,
        569,
        472,
        461,
        460,
        434,
        426,
        405,
        397,
        369,
        382,
        331,
        308,
        293,
        260,
        307,
        251,
        195,
        210,
        183,
        138,
        142,
        114,
        149,
        104,
        108,
        88,
        81,
        83,
        66,
        65,
        48,
        42,
        75,
        16,
        17,
        29,
        17,
        22,
        11,
        23,
        6,
        14,
        10,
        3,
        8,
        6,
        8,
        0,
        0,
        3,
        0,
        3,
        1,
        1,
        0,
        1,
        0,
        1
      ]
    }
  ],
  "mdInfo" : {
    "variables" : [
      {
        "name" : "kndvi",
        "unit" : "1",
        "attributes" : {
          "crs" : "EPSG:3577",
          "coordinates" : "spatial_ref",
          "_FillValue" : "NaN"
        },
        "dimensions" : [
          {
            "name" : "StdTime",
            "field" : "StdTime",
            "unit" : "ISO8601",
            "interval" : 15.99984954,
            "hasRegularIntervals" : false,
            "intervalUnit" : "Days",
            "extent" : [
              1421114586000,
              1577325799000
            ],
            "hasRanges" : false,