{
  "origin" : {
    "x" : -1288245,
    "y" : -2513865,
    "spatialReference" : {
      "wkid" : 3577,
      "latestWkid" : 3577
    }
  },
  "extent" : {
    "xmin" : -1288245,
    "ymin" : -2517495,
    "xmax" : -1285125,
    "ymax" : -2513865,
    "spatialReference" : {
      "wkid" : 3577,
      "latestWkid" : 3577
    }
  },
  "geodataXform" : {
    "spatialReference" : {
      "wkid" : 3577,
      "latestWkid" : 3577
    },
    "type" : "IdentityXform"
  },
  "LODInfos" : {
    "resolutions" : [
      30
    ],
    "levels" : [
      0
    ],
    "scales" : [
      113385.59999999999
    ],
    "dpi" : 96,
    "type" : "RasterLODInfos"
  },
  "blockWidth" : 256,
  "blockHeight" : 256,
  "bandCount" : 1,
  "pixelType" : 9,
  "pixelSizeX" : 30,
  "pixelSizeY" : 30,
  "format" : "Cache/LERC2D",
  "compressionType" : "LERC",
  "firstPyramidLevel" : 1,
  "maximumPyramidLevel" : 0,
  "packetSize" : 16,
  "compressionQuality" : 0,
  "pyramidResamplingType" : 0,
  "LERCError" : 0,
  "properties" : {
    "KIND" : "IMAGE",
    "BAND_COUNT" : "1",
    "HAS_TABLE" : "0",
    "HAS_XFORM" : "0",
    "BandProperties" : [
      {
        "NoData" : "3.4e+38",
        "BandName" : "Band_1",
        "type" : "PropertySet"
      }
    ],
    "DataType" : "Scientific",
    "type" : "PropertySet"
  },
  "statistics" : [
    {
      "min" : 0,
      "max" : 0.57987427711486816,
      "mean" : 0.083764739905537178,
      "standardDeviation" : 0.072556955578507762,
      "median" : 0.57987427711486816,
      "mode" : 0.029562218048993276,
      "skipX" : 1,
      "skipY" : 1,
      "count" : 7449728
    }
  ],
  "histograms" : [
    {
      "size" : 256,
      "min" : 0,
      "max" : 0.57987427711486816,
      "counts" : [
        3716,
        7799,
        11395,
        19892,
        26653,
        36409,
        50980,
        59654,
        67470,
        81499,
        85773,
        94753,
        97132,
        111906,
        98745,
        107974,
        95889,
        101396,
        98441,
        91753,
        89886,
        89790,
        84391,
        82051,
        78663,
        74157,
        72612,
        72804,
        64576,
        61733,
        56412,
        58828,
        51697,
        52800,
        47550,
        48489,
        45523,
        41116,
        41523,
        39630,
        37839,
        35213,
        34975,
        33347,
        31045,
        31222,
        28336,
        28232,
        27103,
        25516,
        24614,
        23806,
        22877,
        21331,
        23549,
        20275,
        20022,
        18854,
        17643,
        18124,
        16371,
        16379,
        14959,
        16397,
        14515,
        14087,
        13536,
        12928,
        12842,
        13271,
        12074,
        11860,
        10735,
        11580,
        10429,
        10915,
        9755,
        9422,
        10075,
        9305,
        8015,
        9126,
        8719,
        8037,
        8149,
        7822,
        7605,
        7477,
        7449,
        6896,
        6965,
        6652,
        6712,
        6965,
        5774,
        6045,
        6096,
        5930,
        5532,
        5615,
        5276,
        5137,
        5341,
        4821,
        4863,
        4808,
        4461,
        4338,
        4392,
        4784,
        4005,
        4122,
        3935,
        3575,
        3756,
        3327,
        3579,
        3572,
        3202,
        3550,
        3118,
        3102,
        2917,
        2751,
        3158,
        2630,
        2592,
        2605,
        2674,
        2544,
        2326,
        2274,
        2432,
        2290,
        2185,
        2077,
        2083,
        1993,
        1973,
        1986,
        1724,
        1954,
        1744,
        1645,
        1717,
        1799,
        1548,
        1470,
        1576,
        1527,
        1557,
        1412,
        1467,
        1388,
        1389,
        1385,
        1310,
        1254,
        1263,
        1221,
        1271,
        1184,
        1257,
        1120,
        1078,
        1062,
        1153,
        1005,
        1022,
        960,
        1033,
        1043,
        874,
        934,
        968,
        841,
        1022,
        875,
        853,
        840,
        791,
        798,
        788,
        868,
        796,
        794,
        658,
        719,
        664,
        652,
        601,
        622,
        751,
        612,
        546,
        481,
        525,
        501,
        491,
        479,
        438,
        467,
        426,
        449,
        318,
        303,
        267,
        298,
        229,
        245,
        229,
        244,
        178,
        174,
        166,
        155,
        131,
        113,
        97,
        168,
        64,
        118,
        77,
        126,
        58,
        80,
        42,
        48,
        43,
        30,
        42,
        21,
        29,
        16,
        24,
        11,
        15,
        15,
        8,
        14,
        16,
        10,
        3,
        3,
        2,
        3,
        4,
        3,
        4,
        0,
        2,
        0,
        0,
        2,
        0,
        1
      ]
    }
  ],
  "mdInfo" : {
    "variables" : [
      {
        "name" : "kndvi",
        "unit" : "1",
        "attributes" : {
          "crs" : "EPSG:3577",
          "coordinates" : "spatial_ref",
          "_FillValue" : "NaN"
        },
        "dimensions" : [
          {
            "name" : "StdTime",
            "field" : "StdTime",
            "unit" : "ISO8601",
            "interval" : 15.001550930000001,
            "hasRegularIntervals" : false,
            "intervalUnit" : "Days",
            "extent" : [
              947642154000,
              1604973801000
            ],
            "hasRanges" : false,