{
  "origin" : {
    "x" : -1288245,
    "y" : -2513865,
    "spatialReference" : {
      "wkid" : 3577,
      "latestWkid" : 3577
    }
  },
  "extent" : {
    "xmin" : -1288245,
    "ymin" : -2517495,
    "xmax" : -1285125,
    "ymax" : -2513865,
    "spatialReference" : {
      "wkid" : 3577,
      "latestWkid" : 3577
    }
  },
  "geodataXform" : {
    "spatialReference" : {
      "wkid" : 3577,
      "latestWkid" : 3577
    },
    "type" : "IdentityXform"
  },
  "LODInfos" : {
    "resolutions" : [
      30
    ],
    "levels" : [
      0
    ],
    "scales" : [
      113385.59999999999
    ],
    "dpi" : 96,
    "type" : "RasterLODInfos"
  },
  "blockWidth" : 256,
  "blockHeight" : 256,
  "bandCount" : 1,
  "pixelType" : 10,
  "pixelSizeX" : 30,
  "pixelSizeY" : 30,
  "format" : "Cache/LERC2D",
  "compressionType" : "LERC",
  "firstPyramidLevel" : 1,
  "maximumPyramidLevel" : 0,
  "packetSize" : 12,
  "compressionQuality" : 0,
  "pyramidResamplingType" : 0,
  "LERCError" : 0,
  "properties" : {
    "KIND" : "IMAGE",
    "BAND_COUNT" : "1",
    "HAS_TABLE" : "0",
    "HAS_XFORM" : "0",
    "BandProperties" : [
      {
        "NoData" : "1.79e+308",
        "BandName" : "Band_1",
        "type" : "PropertySet"
      }
    ],
    "DataType" : "Scientific",
    "type" : "PropertySet"
  },
  "statistics" : [
    {
      "min" : -4.7638370503613436e-18,
      "max" : 2.2946626407039293e-18,
      "mean" : -2.0476947223950588e-18,
      "standardDeviation" : 1.1691414063984565e-18,
      "median" : 2.2946626407039285e-18,
      "mode" : -2.4110038200062529e-18,
      "skipX" : 1,
      "skipY" : 1,
      "count" : 1288
    }
  ],
  "histograms" : [
    {
      "size" : 256,
      "min" : -4.7638370503613436e-18,
      "max" : 2.2946626407039293e-18,
      "counts" : [
        2,
        0,
        1,
        0,
        0,
        1,
        0,
        1,
        1,
        0,
        3,
        0,
        0,
        1,
        0,
        1,
        2,
        0,
        5,
        0,
        0,
        1,
        0,
        4,
        8,
        0,
        2,
        0,
        0,
        3,
        0,
        1,
        4,
        0,
        1,
        4,
        0,
        3,
        0,
        0,
        2,
        1,
        5,
        4,
        0,
        4,
        0,
        0,
        3,
        3,
        3,
        2,
        5,
        3,
        0,
        4,
        2,
        6,
        5,
        4,
        5,
        6,
        0,
        3,
        4,
        6,
        4,
        8,
        12,
        5,
        6,
        5,
        3,
        4,
        3,
        4,
        7,
        10,
        8,
        4,
        9,
        10,
        11,
        8,
        10,
        16,
        10,
        6,
        8,
        9,
        8,
        7,
        9,
        7,
        6,
        3,
        6,
        7,
        6,
        6,
        7,
        7,
        6,
        7,
        3,
        1,
        4,
        7,
        1,
        7,
        4,
        3,
        5,
        3,
        3,
        4,
        9,
        3,
        3,
        0,
        4,
        4,
        4,
        7,
        4,
        2,
        1,
        2,
        3,
        5,
        2,
        4,
        3,
        4,
        5,
        3,
        4,
        5,
        1,
        2,
        2,
        3,
        1,
        4,
        3,
        3,
        5,
        1,
        2,
        2,
        3,
        2,
        2,
        3,
        6,
        5,
        1,
        1,
        5,
        4,
        0,
        5,
        0,
        0,
        2,
        4,
        2,
        4,
        2,
        0,
        1,
        3,
        0,
        3,
        2,
        1,
        1,
        2,
        1,
        0,
        0,
        2,
        4,
        0,
        2,
        0,
        0,
        2,
        0,
        0,
        1,
        1,
        0,
        1,
        1,
        1,
        1,
        1,
        0,
        1,
        0,
        0,
        0,
        0,
        0,
        0,
        1,
        0,
        0,
        0,
        1,
        0,
        0,
        0,
        0,
        0,
        0,
        0,
        0,
        0,
        0,
        0,
        1,
        0,
        0,
        1,
        0,
        0,
        0,
        0,
        0,
        0,
        0,
        0,
        0,
        0,
        0,
        0,
        0,
        0,
        0,
        0,
        0,
        0,
        0,
        0,
        0,
        0,
        0,
        0,
        0,
        0,
        0,
        0,
        0,
        1
      ]
    }
  ],
  "mdInfo" : {
    "variables" : [
      {
        "name" : "theilsen",
        "unit" : "1",
        "attributes" : {
          "crs" : "EPSG:3577",
          "coordinates" : "spatial_ref",
          "_FillValue" : "NaN"
        },
        "dimensions" : [
        ]
      }
    ],
    "layout" : 1,
    "type" : "MultidimensionalInfo"
  },
  "type" : "RasterInfo"
}